order_id,customer_name,pickup_zone,delivery_zone,rider_id,order_date,pickup_time,delivery_time,order_value,delivery_fee,status,payment_method,rider_rating
FD-00029,Fatima Bello,Surulere,Ikeja,RDR-023,2026-07-28,13:31,14:45,6137.01,844.62,DELIVERED,card,2.7
FD-00257,Ifeanyi Nwachukwu,Yaba,Ojodu,RDR-030,2026-07-28,12:26,13:53,13387.28,508.26,Delivered ,transfer,2.7
FD-00277,Segun Balogun,Victoria Island,Lekki,RDR-025,2026-07-01,09:21,09:52,13881.6,1183.82,delivered,,3.5
FD-00301,Obinna Okonkwo,Surulere,Lekki,RDR-009,2026-07-16,14:31,15:19,"₦10,627.49",1165.94,delivered,transfer,2.8
FD-00423,Chidi Okeke,Ojodu,Ikeja,RDR-029,2026-07-23,13:19,,13464.73,327.81,Failed,card,4.4
FD-00132,Babatunde Oluwole,Ikeja,Lekki,RDR-008,2026-07-16,16:34,17:31,4232.26,245.72,failed,cash,4.6
FD-00124,Zainab Abdullahi,Ikeja,Lekki,RDR-018,2026-07-15,17:03,18:15,14225.1,993.73,Delivered ,transfer,2.8
FD-00214,Obinna Okonkwo,Ikeja,Lekki,RDR-025,2026-07-19,20:05,,₦826.48,346.43,delivered,transfer,
FD-00358,Patience Eze,Lekki,Ikeja,RDR-011,2026-07-25,,,11317.17,691.02,Delivered ,cash,3.2
FD-00177,Emeka Chukwu,Ojodu,Victoria Island,RDR-015,2026-07-22,,,11455.31,1024.21,Delivered,card,3.5
FD-00037,Zainab Abdullahi,Ikeja,Victoria Island,RDR-001,2026-07-07,09:49,,2426.36,908.07,Delivered,,
FD-00235,Daniel Okafor,Lekki,Surulere,RDR-018,2026-07-13,16:58,,14049.77,1175.29,Failed,card,4.4
FD-00315,Blessing Nwofor,Lekki,Yaba,RDR-008,2026-07-22,09:14,10:29,6128.43,392.27,pending,,3.9
FD-00146,Funmilayo Adeyemi,Surulere,Victoria Island,RDR-016,2026-07-19,,,11679.51,590.2,Delivered ,cash,3.4
FD-00361,Ifeanyi Nwachukwu,Ojodu,Lekki,RDR-014,2026-07-06,17:33,,12163.04,894.62,DELIVERED,cash,3.2
FD-00312,Zainab Abdullahi,Victoria Island,Ojodu,RDR-014,2026-07-20,17:44,18:54,7051.89,808.73,Delivered,card,3.9
FD-00112,Amaka Osei,Ojodu,Surulere,RDR-027,2026-07-13,,,12523.82,906.5,failed ,card,3.0
FD-00027,Chidinma Obiora,Ikeja,Lekki,RDR-012,2026-07-13,,,5131.85,652.39,pending,cash,4.6
FD-00097,Damilola Adeyinka,Lekki,Yaba,RDR-020,2026-07-25,14:12,,12994.55,1189.02,DELIVERED,card,2.8
FD-00218,Funmilayo Adeyemi,Surulere,Lekki,RDR-029,2026-07-27,12:00,,,879.01,Delivered,cash,4.6
FD-00051,Blessing Nwofor,Ikeja,Victoria Island,RDR-021,2026-07-16,19:16,20:32,,756.17,Delivered ,transfer,4.1
FD-00284,Chukwuemeka Nwosu,Lekki,Surulere,RDR-029,2026-07-22,16:47,,14359.19,791.0,delivered,cash,4.4
FD-00127,Aisha Mustapha,Victoria Island,Ojodu,RDR-016,2026-07-19,09:31,10:14,2415.95,286.13,failed,cash,4.4
FD-00372,Zainab Abdullahi,Victoria Island,Surulere,RDR-028,2026-07-16,18:23,,8442.05,1123.73,Delivered ,card,3.4
FD-00120,Ola Adewale,Ojodu,Victoria Island,RDR-004,2026-07-01,13:05,14:07,3333.8,861.06,DELIVERED,transfer,2.5
FD-00410,Amaka Osei,Victoria Island,Ojodu,RDR-014,2026-07-21,14:05,,8242.77,608.3,Delivered ,card,4.9
FD-00030,Chukwuemeka Nwosu,Victoria Island,Surulere,RDR-011,2026-07-20,,,13243.49,443.1,Delivered ,transfer,2.7
FD-00203,Biodun Okafor,Surulere,Lekki,RDR-006,2026-07-05,14:20,14:42,6355.68,1086.44,DELIVERED,cash,
FD-00328,Funmilayo Adeyemi,Ikeja,Yaba,RDR-015,2026-07-22,,,10513.62,924.61,PENDING,,3.5
FD-00348,Obinna Okonkwo,Victoria Island,Lekki,RDR-022,2026-07-16,,,10001.0,1172.37,delivered,cash,3.4
FD-00071,Ngozi Eze,Surulere,Ojodu,RDR-028,2026-07-19,16:23,,1144.61,681.85,Delivered ,transfer,3.5
FD-00400,Amaka Osei,Surulere,Ojodu,RDR-020,2026-07-06,19:47,20:46,5733.53,653.75,Pending,cash,
FD-00210,Fatima Bello,Victoria Island,Ikeja,RDR-016,2026-07-28,13:26,,14434.87,877.03,Delivered ,cash,2.6
FD-00282,Ifeanyi Nwachukwu,Ojodu,Ikeja,RDR-007,2026-07-01,18:36,19:45,4169.23,892.79,delivered,cash,4.7
FD-00104,Aisha Mustapha,Surulere,Ojodu,RDR-014,2026-07-17,09:15,10:19,882.95,945.17,failed ,card,4.8
FD-00217,Damilola Adeyinka,Surulere,Victoria Island,RDR-003,2026-07-09,08:18,,7869.04,729.55,Failed,cash,4.9
FD-00110,Segun Balogun,Ojodu,Lekki,RDR-020,2026-07-25,08:21,,"₦4,242.65",468.51,Delivered ,transfer,4.7
FD-00421,Damilola Adeyinka,Victoria Island,Ojodu,RDR-002,2026-07-26,,,3966.45,1000.93,FAILED,transfer,3.9
FD-00031,Damilola Adeyinka,Ikeja,Victoria Island,RDR-010,2026-07-16,20:45,22:01,13998.63,1196.37,delivered,card,2.7
FD-00081,Adaeze Obi,Victoria Island,Lekki,RDR-006,2026-07-23,13:07,14:27,7216.05,1099.48,pending,,3.5
FD-00428,Fatima Bello,Victoria Island,Ikeja,RDR-019,2026-07-03,,,"₦12,004.46",925.7,PENDING,cash,3.8
FD-00264,Obinna Okonkwo,Ojodu,Victoria Island,RDR-013,2026-07-28,09:46,10:35,13033.06,456.24,delivered,card,2.6
FD-00332,Zainab Abdullahi,Ojodu,Yaba,RDR-005,2026-07-28,12:24,13:28,7903.91,1006.19,delivered,transfer,3.1
FD-00242,Mariam Suleiman,Victoria Island,Ojodu,RDR-029,2026-07-22,11:18,,"₦9,415.27",790.51,Delivered,cash,4.4
FD-00376,Zainab Abdullahi,Victoria Island,Ojodu,RDR-005,2026-07-01,16:34,17:43,8322.31,441.04,Pending,cash,3.8
FD-00044,Ngozi Eze,Ojodu,Lekki,RDR-025,2026-07-24,08:04,08:25,11085.26,651.04,Delivered ,transfer,
FD-00266,Tope Afolabi,Victoria Island,Surulere,RDR-029,2026-07-27,,,12760.54,702.48,DELIVERED,cash,3.2
FD-00434,Damilola Adeyinka,Ojodu,Surulere,RDR-025,2026-07-14,10:03,10:39,9147.57,1132.86,failed,transfer,4.1
FD-00109,Grace Abiodun,Victoria Island,Surulere,RDR-011,2026-07-01,15:21,16:10,6709.11,619.19,delivered,cash,4.0
FD-00065,Segun Balogun,Ojodu,Victoria Island,RDR-020,2026-07-15,,,13011.51,411.37,Delivered ,cash,2.9
FD-00116,Amaka Osei,Yaba,Victoria Island,RDR-019,2026-07-22,18:48,,2172.23,1026.94,PENDING,card,4.5
FD-00090,Blessing Nwofor,Ikeja,Victoria Island,RDR-020,2026-07-22,18:25,,"₦8,822.24",795.34,Pending,transfer,3.1
FD-00324,Ola Adewale,Victoria Island,Ikeja,RDR-010,2026-07-28,,,"₦11,938.35",841.17,FAILED,card,3.2
FD-00143,Yetunde Akinwande,Ikeja,Surulere,RDR-017,2026-07-13,10:40,11:46,"₦3,816.11",1191.71,Delivered ,cash,2.7
FD-00231,Segun Balogun,Yaba,Victoria Island,RDR-024,2026-07-01,15:29,,6766.51,522.4,PENDING,card,4.8
FD-00247,Blessing Nwofor,Yaba,Ojodu,RDR-007,2026-07-12,,,3218.05,779.34,delivered,transfer,4.0
FD-00288,Fatima Bello,Ikeja,Surulere,RDR-012,2026-07-07,,,6089.12,992.72,FAILED,cash,2.6
FD-00086,Adaeze Obi,Lekki,Yaba,RDR-003,2026-07-07,17:48,19:10,5681.45,785.68,Pending,cash,2.9
FD-00390,Adaeze Obi,Yaba,Lekki,RDR-010,2026-07-03,,,6351.13,742.4,FAILED,transfer,3.6
FD-00392,Ngozi Eze,Victoria Island,Yaba,RDR-002,2026-07-07,16:19,17:45,8530.88,441.71,Delivered ,transfer,2.9
FD-00286,Daniel Okafor,Surulere,Victoria Island,RDR-030,2026-07-19,18:43,19:23,2795.88,215.42,Delivered,card,2.6
FD-00060,Blessing Nwofor,Victoria Island,Lekki,RDR-029,2026-07-23,18:01,,5133.84,344.97,DELIVERED,cash,3.1
FD-00406,Funmilayo Adeyemi,Lekki,Yaba,RDR-007,2026-07-20,08:16,09:12,3995.96,1104.32,DELIVERED,transfer,
FD-00145,Yetunde Akinwande,Lekki,Ikeja,RDR-019,2026-07-09,,,"₦11,505.08",1178.31,failed ,card,4.8
FD-00240,Emeka Chukwu,Ikeja,Surulere,RDR-006,2026-07-15,13:11,13:49,1886.72,1021.44,FAILED,card,4.0
FD-00292,Zainab Abdullahi,Lekki,Surulere,RDR-021,2026-07-21,10:40,12:05,12237.3,963.7,Failed,cash,
FD-00281,Adaeze Obi,Ikeja,Surulere,RDR-004,2026-07-01,18:33,,10080.89,488.48,failed,card,4.1
FD-00170,Yetunde Akinwande,Yaba,Surulere,RDR-026,2026-07-28,,,10124.25,547.99,Delivered,card,3.1
FD-00453,Mariam Suleiman,Surulere,Victoria Island,RDR-001,2026-07-18,14:12,14:52,,760.41,delivered,cash,3.2
FD-00001,Damilola Adeyinka,Surulere,Victoria Island,RDR-020,2026-07-06,,,"₦2,692.07",929.03,delivered,card,4.3
FD-00256,Ola Adewale,Victoria Island,Yaba,RDR-012,2026-07-22,16:55,,5970.28,962.08,Failed,card,3.2
FD-00222,Tope Afolabi,Victoria Island,Lekki,RDR-009,2026-07-26,18:35,,10947.71,650.76,Delivered ,transfer,3.2
FD-00280,Ifeanyi Nwachukwu,Yaba,Lekki,RDR-020,2026-07-19,,,14336.78,325.67,Failed,cash,3.1
FD-00155,Samuel Ogunyemi,Ojodu,Surulere,RDR-009,2026-07-19,19:24,20:36,6931.06,503.15,Delivered,cash,
FD-00344,Adaeze Obi,Yaba,Lekki,RDR-021,2026-07-27,15:22,16:25,11142.46,219.23,Delivered,card,
FD-00362,Segun Balogun,Victoria Island,Ikeja,RDR-024,2026-07-14,,,6342.87,501.01,failed ,cash,
FD-00339,Blessing Nwofor,Ikeja,Victoria Island,RDR-028,2026-07-01,,,"₦3,970.23",1166.9,Delivered,transfer,4.7
FD-00003,Babatunde Oluwole,Ikeja,Yaba,RDR-007,2026-07-12,16:05,17:24,3612.73,251.32,Delivered,card,5.0
FD-00268,Chidi Okeke,Victoria Island,Ikeja,RDR-010,2026-07-26,17:23,17:43,"₦14,200.66",1059.33,Failed,,4.8
FD-00351,Amaka Osei,Victoria Island,Ojodu,RDR-027,2026-07-05,16:47,17:50,12298.35,712.7,DELIVERED,cash,2.7
FD-00260,Segun Balogun,Lekki,Ikeja,RDR-026,2026-07-23,13:53,15:18,12640.68,1131.82,Delivered,card,
FD-00435,Amaka Osei,Surulere,Ikeja,RDR-016,2026-07-28,,,4907.67,892.69,failed,cash,4.2
FD-00008,Chukwuemeka Nwosu,Lekki,Yaba,RDR-025,2026-07-15,,,12920.86,919.97,DELIVERED,transfer,3.1
FD-00396,Aisha Mustapha,Victoria Island,Ojodu,RDR-010,2026-07-18,20:03,20:37,3691.11,509.17,pending,card,4.9
FD-00019,Biodun Okafor,Victoria Island,Ojodu,RDR-015,2026-07-24,09:56,10:36,12707.79,573.12,delivered,cash,2.9
FD-00391,Patience Eze,Ojodu,Surulere,RDR-012,2026-07-25,,,8026.98,756.06,pending,,4.5
FD-00138,Chidinma Obiora,Victoria Island,Surulere,RDR-027,2026-07-07,,,14314.03,1060.55,FAILED,card,4.1
FD-00407,Chidi Okeke,Ikeja,Ojodu,RDR-005,2026-07-17,08:59,09:58,14526.08,1135.39,Pending,cash,3.5
FD-00078,Ifeanyi Nwachukwu,Yaba,Surulere,RDR-002,2026-07-25,,,8691.49,1077.9,DELIVERED,cash,2.8
FD-00400,Amaka Osei,Surulere,Ojodu,RDR-020,2026-07-06,19:47,20:46,5733.53,653.75,Pending,cash,
FD-00188,Daniel Okafor,Victoria Island,Ikeja,RDR-006,2026-07-20,13:26,14:24,1531.28,785.08,delivered,,4.2
FD-00367,Yetunde Akinwande,Ikeja,Lekki,RDR-003,2026-07-17,08:25,08:47,8233.37,295.26,delivered,,4.8
FD-00426,Patience Eze,Lekki,Victoria Island,RDR-030,2026-07-08,13:32,14:53,9000.7,980.88,DELIVERED,cash,3.3
FD-00458,Ola Adewale,Ojodu,Ikeja,RDR-014,2026-07-23,,,11977.26,522.39,delivered,card,4.6
FD-00425,Ifeanyi Nwachukwu,Victoria Island,Yaba,RDR-009,2026-07-26,,,"₦10,006.74",588.41,Delivered ,card,3.4
FD-00290,Chidinma Obiora,Yaba,Ojodu,RDR-010,2026-07-19,,,4851.0,559.49,delivered,card,3.9
FD-00125,Ifeanyi Nwachukwu,Victoria Island,Surulere,RDR-003,2026-07-19,10:20,11:12,4179.41,1192.69,failed ,transfer,4.8
FD-00013,Chukwuemeka Nwosu,Ikeja,Yaba,RDR-010,2026-07-12,18:45,,2221.58,594.66,FAILED,cash,4.8
FD-00301,Obinna Okonkwo,Surulere,Lekki,RDR-009,2026-07-16,14:31,15:19,"₦10,627.49",1165.94,delivered,transfer,2.8
FD-00364,Ngozi Eze,Ikeja,Yaba,RDR-001,2026-07-13,17:05,17:39,,632.73,Delivered,card,4.4
FD-00221,Emeka Chukwu,Lekki,Yaba,RDR-029,2026-07-17,10:59,,14409.56,1152.43,FAILED,cash,4.0
FD-00452,Chidi Okeke,Ojodu,Victoria Island,RDR-015,2026-07-20,18:43,20:13,9757.18,1090.47,Failed,transfer,4.1
FD-00117,Ifeanyi Nwachukwu,Ikeja,Surulere,RDR-015,2026-07-27,19:01,19:45,11898.38,726.4,DELIVERED,cash,2.7
FD-00369,Mariam Suleiman,Ikeja,Lekki,RDR-008,2026-07-25,,,"₦8,531.78",666.52,Delivered ,cash,
FD-00170,Yetunde Akinwande,Yaba,Surulere,RDR-026,2026-07-28,,,10124.25,547.99,Delivered,card,3.1
FD-00062,Kelechi Uchenna,Victoria Island,Yaba,RDR-008,2026-07-25,08:45,09:32,14596.48,405.23,delivered,cash,4.6
FD-00055,Yetunde Akinwande,Yaba,Victoria Island,RDR-007,2026-07-17,10:29,11:22,12567.07,1100.15,delivered,cash,4.9
FD-00070,Emeka Chukwu,Victoria Island,Ojodu,RDR-010,2026-07-25,,,"₦7,321.72",564.56,failed ,transfer,3.9
FD-00441,Chidi Okeke,Yaba,Ojodu,RDR-009,2026-07-02,,,14113.95,1074.24,Delivered,card,3.7
FD-00103,Tope Afolabi,Ojodu,Yaba,RDR-007,2026-07-09,19:32,,2993.53,524.43,Delivered,card,2.8
FD-00278,Funmilayo Adeyemi,Victoria Island,Yaba,RDR-006,2026-07-10,15:31,16:14,11542.58,524.8,delivered,transfer,2.9
FD-00204,Ngozi Eze,Victoria Island,Yaba,RDR-024,2026-07-20,,,,1096.21,Delivered,cash,3.8
FD-00233,Zainab Abdullahi,Victoria Island,Surulere,RDR-022,2026-07-25,17:46,18:22,8886.75,765.26,Delivered ,card,4.4
FD-00349,Funmilayo Adeyemi,Victoria Island,Surulere,RDR-027,2026-07-06,11:56,13:26,9951.14,968.26,Delivered,,
FD-00254,Zainab Abdullahi,Lekki,Victoria Island,RDR-023,2026-07-26,14:00,14:47,9920.72,329.33,PENDING,cash,4.9
FD-00451,Samuel Ogunyemi,Yaba,Ojodu,RDR-010,2026-07-27,09:22,10:15,8969.24,578.02,delivered,cash,3.3
FD-00174,Chidi Okeke,Ikeja,Victoria Island,RDR-003,2026-07-25,,,10316.74,708.76,DELIVERED,,4.1
FD-00368,Chidinma Obiora,Yaba,Surulere,RDR-026,2026-07-24,,,14834.85,1147.08,DELIVERED,cash,3.9
FD-00216,Kelechi Uchenna,Yaba,Victoria Island,RDR-016,2026-07-22,19:42,20:58,12695.02,382.2,DELIVERED,cash,4.5
FD-00296,Kelechi Uchenna,Ojodu,Surulere,RDR-025,2026-07-08,17:55,,11687.66,420.87,DELIVERED,card,
FD-00295,Biodun Okafor,Yaba,Ikeja,RDR-002,2026-07-01,17:05,,4451.57,233.94,FAILED,,3.6
FD-00454,Taiwo Hassan,Ikeja,Ojodu,RDR-012,2026-07-18,,,7276.68,1071.27,pending,card,2.6
FD-00083,Taiwo Hassan,Ojodu,Ikeja,RDR-022,2026-07-12,,,12326.4,200.04,failed ,card,4.5
FD-00429,Emeka Chukwu,Ojodu,Ikeja,RDR-014,2026-07-07,16:08,,"₦9,671.92",285.05,FAILED,card,3.3
FD-00157,Daniel Okafor,Surulere,Victoria Island,RDR-006,2026-07-20,17:12,18:40,8919.08,1166.51,delivered,transfer,4.3
FD-00154,Damilola Adeyinka,Yaba,Lekki,RDR-021,2026-07-28,11:30,12:56,4834.83,645.86,failed ,transfer,4.8
FD-00261,Chidi Okeke,Lekki,Ojodu,RDR-028,2026-07-21,,,4888.96,473.14,FAILED,card,3.1
FD-00352,Yetunde Akinwande,Yaba,Ojodu,RDR-001,2026-07-05,,,2480.3,447.89,delivered,,3.1
FD-00457,Ifeanyi Nwachukwu,Ojodu,Yaba,RDR-003,2026-07-18,18:43,,"₦11,630.53",573.77,failed ,card,3.0
FD-00194,Mariam Suleiman,Victoria Island,Ojodu,RDR-016,2026-07-09,13:51,14:50,13991.18,1103.31,delivered,,
FD-00438,Babatunde Oluwole,Ojodu,Surulere,RDR-020,2026-07-05,20:08,21:18,11913.3,298.31,failed,cash,4.3
FD-00032,Obinna Okonkwo,Surulere,Yaba,RDR-011,2026-07-20,,,1081.69,834.24,pending,transfer,3.9
FD-00322,Zainab Abdullahi,Surulere,Victoria Island,RDR-012,2026-07-06,,,"₦13,096.83",407.55,Delivered,transfer,4.2
FD-00128,Adaeze Obi,Lekki,Ojodu,RDR-018,2026-07-26,14:27,15:33,"₦3,641.17",953.24,delivered,transfer,3.2
FD-00057,Babatunde Oluwole,Yaba,Ikeja,RDR-011,2026-07-04,08:27,09:34,"₦13,953.90",572.67,DELIVERED,card,4.7
FD-00366,Segun Balogun,Lekki,Ikeja,RDR-010,2026-07-22,,,1934.12,1047.5,Delivered,card,4.6
FD-00370,Ola Adewale,Ikeja,Ojodu,RDR-030,2026-07-23,08:58,10:28,14672.6,244.89,failed,,4.8
FD-00181,Funmilayo Adeyemi,Yaba,Ikeja,RDR-007,2026-07-03,08:20,09:50,10987.5,508.78,delivered,cash,
FD-00230,Daniel Okafor,Ikeja,Lekki,RDR-009,2026-07-22,15:32,16:30,11817.01,511.74,Delivered ,,4.3
FD-00375,Daniel Okafor,Victoria Island,Lekki,RDR-029,2026-07-01,,,5914.87,769.52,failed,cash,4.0
FD-00084,Samuel Ogunyemi,Surulere,Lekki,RDR-028,2026-07-08,09:22,10:03,"₦2,805.60",238.42,delivered,card,2.9
FD-00440,Segun Balogun,Ojodu,Ikeja,RDR-011,2026-07-04,,,"₦7,542.13",690.59,failed ,,3.7
FD-00353,Segun Balogun,Ojodu,Yaba,RDR-030,2026-07-11,10:09,10:51,"₦1,266.48",418.89,PENDING,transfer,4.5
FD-00255,Segun Balogun,Yaba,Lekki,RDR-030,2026-07-24,11:18,11:41,6853.56,513.03,Delivered,card,4.2
FD-00460,Daniel Okafor,Victoria Island,Surulere,RDR-030,2026-07-24,11:08,12:07,11301.06,833.98,DELIVERED,card,4.7
FD-00321,Emeka Chukwu,Surulere,Victoria Island,RDR-016,2026-07-01,08:35,09:47,14678.41,1138.94,DELIVERED,card,3.8
FD-00251,Aisha Mustapha,Yaba,Victoria Island,RDR-005,2026-07-16,15:10,,6244.27,969.09,PENDING,card,3.4
FD-00053,Fatima Bello,Surulere,Victoria Island,RDR-004,2026-07-12,14:27,15:27,"₦11,153.27",983.4,PENDING,transfer,5.0
FD-00318,Samuel Ogunyemi,Surulere,Yaba,RDR-027,2026-07-05,10:57,11:37,12574.25,639.29,DELIVERED,cash,2.8
FD-00326,Chidinma Obiora,Lekki,Yaba,RDR-016,2026-07-12,11:29,12:52,948.54,511.13,delivered,transfer,3.3
FD-00237,Tope Afolabi,Surulere,Ikeja,RDR-015,2026-07-12,19:39,,3802.12,749.25,Delivered,card,3.4
FD-00436,Fatima Bello,Ikeja,Lekki,RDR-028,2026-07-04,08:14,09:39,12629.85,332.26,Delivered ,card,2.6
FD-00232,Funmilayo Adeyemi,Victoria Island,Surulere,RDR-010,2026-07-27,,,9545.08,279.51,Delivered ,cash,4.4
FD-00297,Ola Adewale,Ojodu,Lekki,RDR-018,2026-07-28,09:01,09:26,"₦2,973.82",355.57,Failed,card,3.2
FD-00147,Ifeanyi Nwachukwu,Victoria Island,Lekki,RDR-014,2026-07-16,08:03,,8579.11,835.38,Delivered ,cash,3.8
FD-00320,Segun Balogun,Lekki,Surulere,RDR-010,2026-07-14,20:43,,9254.96,883.28,PENDING,,2.5
FD-00354,Ifeanyi Nwachukwu,Surulere,Victoria Island,RDR-028,2026-07-02,,,13869.56,893.7,delivered,card,3.7
FD-00010,Mariam Suleiman,Victoria Island,Surulere,RDR-013,2026-07-22,17:42,,,204.31,DELIVERED,cash,4.2
FD-00404,Emeka Chukwu,Yaba,Lekki,RDR-008,2026-07-05,18:31,19:51,9780.48,974.32,PENDING,card,2.6
FD-00016,Chukwuemeka Nwosu,Surulere,Ikeja,RDR-002,2026-07-11,16:48,,7034.95,617.72,failed,card,3.4
FD-00054,Amaka Osei,Ikeja,Lekki,RDR-019,2026-07-24,,,14356.27,453.85,delivered,cash,
FD-00389,Adaeze Obi,Lekki,Ojodu,RDR-016,2026-07-02,,,11905.24,797.24,Pending,transfer,
FD-00287,Mariam Suleiman,Surulere,Victoria Island,RDR-006,2026-07-05,15:49,16:13,4704.79,571.68,Delivered ,card,3.1
FD-00381,Patience Eze,Ikeja,Ojodu,RDR-023,2026-07-12,11:28,,8497.82,813.08,delivered,transfer,
FD-00066,Kelechi Uchenna,Ikeja,Ojodu,RDR-030,2026-07-28,20:15,21:01,11703.87,876.96,Delivered ,transfer,3.1
FD-00336,Grace Abiodun,Lekki,Ikeja,RDR-020,2026-07-24,10:57,12:05,2788.07,289.09,DELIVERED,cash,4.1
FD-00147,Ifeanyi Nwachukwu,Victoria Island,Lekki,RDR-014,2026-07-16,08:03,,8579.11,835.38,Delivered ,cash,3.8
FD-00048,Ola Adewale,Ikeja,Lekki,RDR-017,2026-07-28,,,4432.45,601.1,Pending,cash,3.7
FD-00069,Ifeanyi Nwachukwu,Surulere,Victoria Island,RDR-011,2026-07-12,11:42,,9478.58,931.58,Delivered,transfer,4.9
FD-00164,Daniel Okafor,Ikeja,Yaba,RDR-027,2026-07-06,20:44,21:08,12571.85,530.99,DELIVERED,cash,
FD-00012,Adaeze Obi,Surulere,Victoria Island,RDR-009,2026-07-24,14:29,15:56,11703.63,805.94,delivered,card,
FD-00136,Mariam Suleiman,Yaba,Surulere,RDR-021,2026-07-12,20:34,21:30,8314.31,650.45,failed ,cash,2.9
FD-00311,Ngozi Eze,Lekki,Surulere,RDR-015,2026-07-10,,,5579.04,416.58,PENDING,,
FD-00409,Yetunde Akinwande,Victoria Island,Ojodu,RDR-021,2026-07-04,,,2192.46,515.33,Delivered ,card,4.5
FD-00289,Ola Adewale,Surulere,Lekki,RDR-009,2026-07-01,19:42,20:32,"₦5,205.91",330.92,delivered,card,3.1
FD-00149,Chidi Okeke,Yaba,Surulere,RDR-011,2026-07-28,20:18,,6487.89,726.61,DELIVERED,,
FD-00337,Aisha Mustapha,Surulere,Lekki,RDR-005,2026-07-04,15:50,,8431.84,253.96,PENDING,transfer,2.5
FD-00134,Babatunde Oluwole,Lekki,Ojodu,RDR-014,2026-07-15,08:03,08:29,4837.57,1039.71,Delivered ,transfer,3.0
FD-00331,Yetunde Akinwande,Ojodu,Surulere,RDR-007,2026-07-09,14:19,,7407.21,1176.92,delivered,cash,
FD-00095,Ola Adewale,Lekki,Victoria Island,RDR-010,2026-07-06,20:01,21:07,,564.11,Delivered,card,3.8
FD-00028,Damilola Adeyinka,Ikeja,Surulere,RDR-011,2026-07-13,,,"₦2,978.84",229.05,DELIVERED,cash,3.6
FD-00112,Amaka Osei,Ojodu,Surulere,RDR-027,2026-07-13,,,12523.82,906.5,failed ,card,3.0
FD-00185,Fatima Bello,Ikeja,Victoria Island,RDR-002,2026-07-26,16:43,18:09,6621.83,935.98,Delivered ,cash,2.5
FD-00198,Grace Abiodun,Ojodu,Victoria Island,RDR-021,2026-07-06,,,5986.54,743.14,Delivered ,card,4.8
FD-00387,Babatunde Oluwole,Yaba,Ikeja,RDR-022,2026-07-12,18:17,18:56,,595.92,delivered,cash,
FD-00450,Amaka Osei,Ikeja,Victoria Island,RDR-023,2026-07-05,,,7588.1,913.41,Delivered ,cash,4.5
FD-00071,Ngozi Eze,Surulere,Ojodu,RDR-028,2026-07-19,16:23,,1144.61,681.85,Delivered ,transfer,3.5
FD-00141,Ifeanyi Nwachukwu,Ikeja,Yaba,RDR-022,2026-07-02,14:11,,"₦2,133.58",564.73,Delivered,,3.7
FD-00279,Samuel Ogunyemi,Yaba,Surulere,RDR-008,2026-07-14,,,6305.22,742.15,Delivered ,card,4.2
FD-00374,Funmilayo Adeyemi,Ikeja,Surulere,RDR-027,2026-07-12,17:53,18:31,6577.18,352.45,FAILED,cash,4.4
FD-00009,Aisha Mustapha,Surulere,Ikeja,RDR-029,2026-07-15,12:04,,10524.27,677.1,DELIVERED,card,4.1
FD-00083,Taiwo Hassan,Ojodu,Ikeja,RDR-022,2026-07-12,,,12326.4,200.04,failed ,card,4.5
FD-00224,Patience Eze,Ojodu,Ikeja,RDR-029,2026-07-09,16:21,,2410.95,1174.99,Delivered,transfer,3.2
FD-00439,Kelechi Uchenna,Ikeja,Lekki,RDR-021,2026-07-14,15:49,16:44,11091.58,243.53,Delivered,card,4.6
FD-00035,Obinna Okonkwo,Surulere,Yaba,RDR-005,2026-07-10,11:54,13:18,7159.85,834.52,Delivered,transfer,
FD-00378,Samuel Ogunyemi,Ikeja,Ojodu,RDR-003,2026-07-23,11:24,,3038.88,784.98,PENDING,cash,4.6
FD-00148,Grace Abiodun,Yaba,Lekki,RDR-004,2026-07-17,,,5033.28,292.65,Pending,transfer,
FD-00394,Blessing Nwofor,Lekki,Yaba,RDR-012,2026-07-17,17:55,18:35,13937.0,1039.52,Delivered ,transfer,4.5
FD-00330,Biodun Okafor,Ikeja,Victoria Island,RDR-017,2026-07-22,,,"₦13,169.04",797.26,Failed,transfer,3.9
FD-00427,Biodun Okafor,Ojodu,Surulere,RDR-016,2026-07-25,09:43,11:09,14611.7,696.61,PENDING,card,4.1
FD-00036,Adaeze Obi,Victoria Island,Ojodu,RDR-012,2026-07-20,11:35,12:50,8935.35,985.41,delivered,,
FD-00250,Yetunde Akinwande,Yaba,Victoria Island,RDR-018,2026-07-15,10:57,,7106.27,729.6,DELIVERED,cash,4.4
FD-00068,Adaeze Obi,Yaba,Surulere,RDR-025,2026-07-22,08:18,,5929.77,252.25,DELIVERED,cash,3.7
FD-00402,Taiwo Hassan,Victoria Island,Yaba,RDR-012,2026-07-17,,,2829.13,772.8,Delivered,transfer,3.4
FD-00204,Ngozi Eze,Victoria Island,Yaba,RDR-024,2026-07-20,,,,1096.21,Delivered,cash,3.8
FD-00207,Chukwuemeka Nwosu,Surulere,Victoria Island,RDR-007,2026-07-09,14:47,15:12,14171.06,485.91,Delivered,card,2.9
FD-00399,Emeka Chukwu,Ojodu,Victoria Island,RDR-004,2026-07-22,11:36,,"₦10,350.28",790.23,failed ,transfer,4.5
FD-00173,Damilola Adeyinka,Surulere,Victoria Island,RDR-007,2026-07-19,10:03,11:01,"₦14,969.21",654.33,failed,cash,4.9
FD-00333,Blessing Nwofor,Ojodu,Ikeja,RDR-016,2026-07-20,19:19,20:42,12332.54,373.22,delivered,card,3.6
FD-00423,Chidi Okeke,Ojodu,Ikeja,RDR-029,2026-07-23,13:19,,13464.73,327.81,Failed,card,4.4
FD-00300,Zainab Abdullahi,Lekki,Surulere,RDR-019,2026-07-27,15:23,16:41,11991.44,988.03,failed,cash,
FD-00227,Emeka Chukwu,Lekki,Surulere,RDR-017,2026-07-10,14:53,15:13,11970.18,957.53,PENDING,cash,3.2
FD-00334,Samuel Ogunyemi,Lekki,Ojodu,RDR-014,2026-07-19,20:02,,1135.83,661.29,Delivered ,card,2.8
FD-00211,Chidi Okeke,Victoria Island,Surulere,RDR-011,2026-07-11,13:35,,6794.86,720.07,FAILED,card,2.9
FD-00192,Ngozi Eze,Yaba,Lekki,RDR-023,2026-07-14,,,9191.65,786.6,DELIVERED,transfer,
FD-00049,Obinna Okonkwo,Ojodu,Surulere,RDR-021,2026-07-11,10:20,10:58,1485.2,868.1,Delivered ,cash,3.5
FD-00209,Ngozi Eze,Lekki,Ojodu,RDR-014,2026-07-24,,,5690.91,323.42,Delivered ,cash,2.6
FD-00273,Yetunde Akinwande,Lekki,Yaba,RDR-004,2026-07-12,13:19,14:10,"₦5,361.08",383.35,DELIVERED,cash,3.7
FD-00317,Amaka Osei,Lekki,Yaba,RDR-003,2026-07-22,17:41,,6511.44,1160.12,failed ,transfer,4.9
FD-00011,Patience Eze,Ojodu,Lekki,RDR-022,2026-07-14,19:14,20:26,5706.62,312.33,delivered,transfer,5.0
FD-00304,Ola Adewale,Yaba,Victoria Island,RDR-019,2026-07-16,17:28,18:23,"₦2,064.15",266.68,DELIVERED,cash,2.7
FD-00241,Obinna Okonkwo,Ojodu,Ikeja,RDR-021,2026-07-10,,,"₦10,866.16",1140.04,Delivered,,3.1
FD-00107,Taiwo Hassan,Ojodu,Lekki,RDR-004,2026-07-19,,,4525.71,221.65,Failed,transfer,3.6
FD-00276,Adaeze Obi,Yaba,Ikeja,RDR-004,2026-07-01,,,9392.31,721.97,Delivered ,transfer,4.1
FD-00425,Ifeanyi Nwachukwu,Victoria Island,Yaba,RDR-009,2026-07-26,,,"₦10,006.74",588.41,Delivered ,card,3.4
FD-00293,Obinna Okonkwo,Surulere,Ojodu,RDR-022,2026-07-19,16:53,17:39,4682.04,439.68,Delivered,,3.2
FD-00058,Obinna Okonkwo,Surulere,Victoria Island,RDR-020,2026-07-27,,,5183.76,738.52,Delivered ,,
FD-00142,Kelechi Uchenna,Victoria Island,Surulere,RDR-026,2026-07-22,20:43,,7543.07,865.14,delivered,cash,3.4
FD-00416,Samuel Ogunyemi,Victoria Island,Surulere,RDR-008,2026-07-09,11:59,13:26,5289.24,438.92,Delivered ,cash,4.5
FD-00437,Funmilayo Adeyemi,Surulere,Ojodu,RDR-003,2026-07-23,08:59,09:38,"₦13,499.52",314.54,failed,transfer,3.7
FD-00212,Tope Afolabi,Ikeja,Yaba,RDR-029,2026-07-16,12:56,14:25,7761.21,1194.73,PENDING,cash,3.1
FD-00175,Funmilayo Adeyemi,Ikeja,Ojodu,RDR-002,2026-07-09,11:16,12:18,8293.05,762.25,failed,card,
FD-00193,Ifeanyi Nwachukwu,Surulere,Ojodu,RDR-026,2026-07-15,19:11,,8420.07,925.99,Delivered,card,4.7
FD-00091,Tope Afolabi,Surulere,Lekki,RDR-013,2026-07-15,12:22,13:44,11990.54,420.0,Delivered,transfer,3.9
FD-00283,Fatima Bello,Ikeja,Surulere,RDR-011,2026-07-20,18:43,,5744.3,748.46,delivered,transfer,4.1
FD-00096,Ifeanyi Nwachukwu,Surulere,Ikeja,RDR-011,2026-07-20,,,12819.88,1031.61,Delivered ,cash,3.7
FD-00073,Emeka Chukwu,Ojodu,Victoria Island,RDR-023,2026-07-10,11:51,12:40,12012.16,582.79,FAILED,transfer,
FD-00221,Emeka Chukwu,Lekki,Yaba,RDR-029,2026-07-17,10:59,,14409.56,1152.43,FAILED,cash,4.0
FD-00186,Biodun Okafor,Surulere,Lekki,RDR-024,2026-07-17,17:25,18:08,13702.67,227.55,DELIVERED,transfer,4.8
FD-00056,Daniel Okafor,Victoria Island,Yaba,RDR-030,2026-07-26,13:21,14:04,7485.79,987.23,Delivered ,,
FD-00325,Adaeze Obi,Victoria Island,Surulere,RDR-001,2026-07-27,,,2468.67,923.57,delivered,card,
FD-00307,Tope Afolabi,Ikeja,Ojodu,RDR-023,2026-07-24,15:05,15:39,14174.78,312.1,Delivered,cash,4.4
FD-00187,Kelechi Uchenna,Victoria Island,Ojodu,RDR-019,2026-07-20,15:19,15:54,11728.67,705.65,FAILED,cash,2.9
FD-00156,Grace Abiodun,Victoria Island,Lekki,RDR-025,2026-07-02,14:58,16:20,7333.35,705.26,Delivered,cash,4.4
FD-00004,Adaeze Obi,Ojodu,Victoria Island,RDR-002,2026-07-04,,,7526.92,281.16,delivered,transfer,
FD-00450,Amaka Osei,Ikeja,Victoria Island,RDR-023,2026-07-05,,,7588.1,913.41,Delivered ,cash,4.5
FD-00005,Segun Balogun,Victoria Island,Ojodu,RDR-013,2026-07-07,08:40,09:27,8545.69,326.35,Pending,cash,4.3
FD-00195,Fatima Bello,Surulere,Lekki,RDR-001,2026-07-11,11:46,,9918.04,797.49,delivered,card,3.7
FD-00163,Chidi Okeke,Lekki,Ikeja,RDR-017,2026-07-22,10:28,,924.07,1160.15,DELIVERED,card,
FD-00357,Amaka Osei,Lekki,Ikeja,RDR-029,2026-07-01,,,14790.79,956.73,DELIVERED,cash,3.4
FD-00025,Fatima Bello,Yaba,Ojodu,RDR-003,2026-07-08,,,4020.21,595.43,Delivered,transfer,3.0
FD-00269,Chidi Okeke,Victoria Island,Lekki,RDR-014,2026-07-17,17:41,18:16,5983.41,330.18,Delivered ,cash,4.5
FD-00139,Ngozi Eze,Ojodu,Surulere,RDR-018,2026-07-26,20:03,20:49,"₦12,218.28",532.48,DELIVERED,cash,
FD-00099,Fatima Bello,Ikeja,Yaba,RDR-001,2026-07-09,,,1860.65,232.09,DELIVERED,cash,4.2
FD-00061,Yetunde Akinwande,Lekki,Yaba,RDR-030,2026-07-04,09:51,,,689.62,Delivered,card,3.6
FD-00161,Chukwuemeka Nwosu,Surulere,Ojodu,RDR-006,2026-07-15,11:35,12:37,7831.93,709.85,delivered,cash,2.5
FD-00137,Fatima Bello,Victoria Island,Ikeja,RDR-014,2026-07-02,09:18,10:28,11999.11,853.76,pending,transfer,4.0
FD-00382,Adaeze Obi,Lekki,Ojodu,RDR-011,2026-07-22,19:52,20:18,3526.77,1088.05,pending,cash,3.8
FD-00249,Grace Abiodun,Lekki,Ojodu,RDR-025,2026-07-07,,,4215.87,1007.62,Failed,,3.8
FD-00183,Aisha Mustapha,Ojodu,Lekki,RDR-009,2026-07-03,11:27,11:51,5859.1,623.99,Delivered ,,4.6
FD-00133,Daniel Okafor,Ikeja,Yaba,RDR-028,2026-07-07,17:28,,2295.64,1036.67,DELIVERED,card,3.3
FD-00052,Ngozi Eze,Surulere,Ojodu,RDR-012,2026-07-23,15:28,,10550.14,795.79,Delivered ,card,
FD-00158,Mariam Suleiman,Victoria Island,Yaba,RDR-028,2026-07-25,17:15,18:17,2101.95,273.85,failed ,cash,3.4
FD-00234,Amaka Osei,Lekki,Ojodu,RDR-026,2026-07-12,16:13,17:16,3561.02,1039.61,failed ,card,
FD-00045,Blessing Nwofor,Ikeja,Ojodu,RDR-008,2026-07-05,14:11,14:47,13818.04,488.51,delivered,transfer,
FD-00363,Mariam Suleiman,Ojodu,Ikeja,RDR-026,2026-07-15,,,8628.2,229.67,Delivered,card,4.3
FD-00172,Patience Eze,Lekki,Yaba,RDR-001,2026-07-13,08:28,,2715.06,770.49,FAILED,cash,
FD-00412,Blessing Nwofor,Ojodu,Ikeja,RDR-027,2026-07-01,,,6999.94,498.0,delivered,transfer,3.1
FD-00197,Adaeze Obi,Ojodu,Ikeja,RDR-007,2026-07-14,13:59,15:03,5941.45,752.37,DELIVERED,card,2.5
FD-00236,Patience Eze,Lekki,Yaba,RDR-017,2026-07-26,17:34,18:07,1044.23,602.04,Failed,cash,3.4
FD-00314,Aisha Mustapha,Ojodu,Yaba,RDR-026,2026-07-11,09:27,10:57,13980.41,385.42,Delivered,card,3.0
FD-00305,Ola Adewale,Surulere,Lekki,RDR-009,2026-07-20,16:22,17:17,6104.84,208.39,failed ,transfer,3.7
FD-00076,Ngozi Eze,Ojodu,Victoria Island,RDR-005,2026-07-14,12:56,14:03,5779.21,246.07,delivered,card,4.2
FD-00075,Patience Eze,Surulere,Victoria Island,RDR-008,2026-07-27,09:04,,,760.09,failed ,transfer,2.9
FD-00223,Zainab Abdullahi,Ikeja,Surulere,RDR-007,2026-07-05,,,5521.67,203.83,DELIVERED,cash,4.3
FD-00258,Chidinma Obiora,Surulere,Ojodu,RDR-003,2026-07-14,13:06,,5415.88,715.5,delivered,cash,3.2
FD-00381,Patience Eze,Ikeja,Ojodu,RDR-023,2026-07-12,11:28,,8497.82,813.08,delivered,transfer,
FD-00233,Zainab Abdullahi,Victoria Island,Surulere,RDR-022,2026-07-25,17:46,18:22,8886.75,765.26,Delivered ,card,4.4
FD-00415,Biodun Okafor,Ikeja,Surulere,RDR-003,2026-07-27,,,5767.04,744.99,delivered,cash,3.5
FD-00446,Fatima Bello,Victoria Island,Ikeja,RDR-009,2026-07-15,12:07,,5943.18,607.23,Delivered ,cash,3.0
FD-00024,Chidinma Obiora,Yaba,Victoria Island,RDR-008,2026-07-24,11:45,12:17,3663.8,334.61,Failed,transfer,4.1
FD-00424,Ngozi Eze,Victoria Island,Lekki,RDR-026,2026-07-24,10:01,11:15,"₦6,923.36",1077.18,delivered,transfer,3.4
FD-00110,Segun Balogun,Ojodu,Lekki,RDR-020,2026-07-25,08:21,,"₦4,242.65",468.51,Delivered ,transfer,4.7
FD-00263,Aisha Mustapha,Ikeja,Lekki,RDR-003,2026-07-28,10:31,11:45,4928.33,1046.59,Pending,transfer,4.2
FD-00205,Zainab Abdullahi,Victoria Island,Surulere,RDR-027,2026-07-17,19:28,20:01,8183.88,1095.18,PENDING,cash,2.9
FD-00285,Aisha Mustapha,Ojodu,Yaba,RDR-022,2026-07-19,13:13,,13288.05,1110.74,DELIVERED,cash,3.9
FD-00106,Samuel Ogunyemi,Ojodu,Victoria Island,RDR-014,2026-07-04,19:59,20:43,4261.31,701.61,Failed,cash,4.2
FD-00124,Zainab Abdullahi,Ikeja,Lekki,RDR-018,2026-07-15,17:03,18:15,14225.1,993.73,Delivered ,transfer,2.8
FD-00113,Aisha Mustapha,Lekki,Ojodu,RDR-029,2026-07-13,11:26,,6980.14,1184.3,FAILED,cash,2.9
FD-00252,Samuel Ogunyemi,Ikeja,Lekki,RDR-008,2026-07-08,12:02,,"₦3,967.51",566.12,FAILED,transfer,2.8
FD-00184,Daniel Okafor,Ikeja,Ojodu,RDR-014,2026-07-12,16:24,17:01,14628.66,341.66,Failed,transfer,3.7
FD-00442,Adaeze Obi,Yaba,Ojodu,RDR-018,2026-07-25,15:51,16:17,11792.55,246.27,Delivered ,cash,2.7
FD-00022,Chidi Okeke,Lekki,Victoria Island,RDR-027,2026-07-19,,,861.33,1037.65,Delivered,cash,3.1
FD-00077,Funmilayo Adeyemi,Surulere,Ojodu,RDR-028,2026-07-21,08:12,,8365.71,340.47,Delivered ,transfer,4.2
FD-00411,Zainab Abdullahi,Ikeja,Ojodu,RDR-027,2026-07-05,14:50,15:40,6508.69,753.69,Delivered ,card,3.9
FD-00059,Tope Afolabi,Ikeja,Surulere,RDR-013,2026-07-28,11:54,,2684.51,762.21,delivered,card,3.2
FD-00168,Chidi Okeke,Surulere,Ikeja,RDR-003,2026-07-20,,,12159.81,341.62,FAILED,cash,3.1
FD-00196,Funmilayo Adeyemi,Victoria Island,Ikeja,RDR-012,2026-07-15,08:39,09:12,6546.94,389.28,Pending,cash,
FD-00295,Biodun Okafor,Yaba,Ikeja,RDR-002,2026-07-01,17:05,,4451.57,233.94,FAILED,,3.6
FD-00459,Emeka Chukwu,Surulere,Yaba,RDR-020,2026-07-23,20:54,21:32,12001.54,1094.6,failed ,card,2.7
FD-00094,Aisha Mustapha,Victoria Island,Surulere,RDR-023,2026-07-11,14:07,,3248.17,754.3,failed,transfer,3.8
FD-00403,Yetunde Akinwande,Victoria Island,Lekki,RDR-001,2026-07-26,12:11,12:41,6533.43,1056.61,Delivered ,card,4.8
FD-00137,Fatima Bello,Victoria Island,Ikeja,RDR-014,2026-07-02,09:18,10:28,11999.11,853.76,pending,transfer,4.0
FD-00379,Obinna Okonkwo,Victoria Island,Lekki,RDR-028,2026-07-07,17:52,18:51,7023.94,1131.77,delivered,cash,
FD-00160,Mariam Suleiman,Ojodu,Ikeja,RDR-007,2026-07-17,17:38,19:04,14876.7,996.01,Delivered ,,4.4
FD-00248,Chidinma Obiora,Yaba,Surulere,RDR-009,2026-07-18,20:21,20:58,6294.21,272.37,FAILED,transfer,3.0
FD-00291,Chidinma Obiora,Victoria Island,Ikeja,RDR-005,2026-07-18,11:39,13:06,9482.62,1188.47,DELIVERED,card,
FD-00100,Blessing Nwofor,Lekki,Ojodu,RDR-004,2026-07-17,08:03,09:05,2761.73,890.12,Delivered ,transfer,2.7
FD-00065,Segun Balogun,Ojodu,Victoria Island,RDR-020,2026-07-15,,,13011.51,411.37,Delivered ,cash,2.9
FD-00226,Adaeze Obi,Lekki,Victoria Island,RDR-018,2026-07-11,16:40,,3138.47,1064.62,PENDING,card,3.0
FD-00265,Emeka Chukwu,Ojodu,Yaba,RDR-011,2026-07-16,20:16,,5785.1,712.9,Delivered ,card,3.5
FD-00298,Taiwo Hassan,Ojodu,Yaba,RDR-016,2026-07-15,16:16,17:28,10051.05,861.85,DELIVERED,transfer,3.1
FD-00219,Babatunde Oluwole,Victoria Island,Surulere,RDR-010,2026-07-22,17:45,18:30,7279.05,299.48,Delivered ,cash,4.7
FD-00421,Damilola Adeyinka,Victoria Island,Ojodu,RDR-002,2026-07-26,,,3966.45,1000.93,FAILED,transfer,3.9
FD-00047,Kelechi Uchenna,Ojodu,Lekki,RDR-006,2026-07-17,09:24,10:36,4495.68,679.42,delivered,cash,4.2
FD-00405,Chukwuemeka Nwosu,Yaba,Ojodu,RDR-022,2026-07-04,,,3201.02,279.47,FAILED,cash,3.1
FD-00385,Chidi Okeke,Lekki,Ojodu,RDR-030,2026-07-19,17:14,,10318.91,905.04,Pending,cash,4.4
FD-00206,Funmilayo Adeyemi,Victoria Island,Ojodu,RDR-022,2026-07-10,12:24,,5551.24,843.06,pending,card,3.1
FD-00167,Ola Adewale,Ojodu,Surulere,RDR-027,2026-07-17,15:00,16:05,5521.18,1138.0,failed ,card,4.7
FD-00456,Aisha Mustapha,Victoria Island,Ikeja,RDR-021,2026-07-28,13:58,14:27,1087.3,1116.74,Delivered,transfer,3.4
FD-00126,Grace Abiodun,Lekki,Surulere,RDR-015,2026-07-19,10:39,,11926.57,516.89,Delivered ,cash,3.0
FD-00200,Ifeanyi Nwachukwu,Ikeja,Ojodu,RDR-001,2026-07-27,17:16,18:22,1803.8,1041.93,PENDING,card,4.9
FD-00017,Babatunde Oluwole,Victoria Island,Ojodu,RDR-006,2026-07-23,16:05,16:39,,286.51,failed ,transfer,4.0
FD-00380,Adaeze Obi,Lekki,Yaba,RDR-019,2026-07-02,15:35,16:43,2746.22,1128.04,Delivered,cash,3.5
FD-00397,Biodun Okafor,Yaba,Victoria Island,RDR-018,2026-07-28,08:07,09:18,13296.33,512.47,failed,transfer,3.1
FD-00393,Grace Abiodun,Victoria Island,Lekki,RDR-021,2026-07-17,,,10276.85,1176.76,Delivered ,card,4.1
FD-00228,Blessing Nwofor,Surulere,Lekki,RDR-024,2026-07-10,,,"₦2,585.62",568.8,Delivered,transfer,3.1
FD-00041,Kelechi Uchenna,Yaba,Ojodu,RDR-013,2026-07-12,14:16,14:49,14741.29,263.11,failed,card,4.0
FD-00153,Ola Adewale,Yaba,Ikeja,RDR-002,2026-07-23,19:14,20:25,8140.71,1067.12,Delivered,card,3.3
FD-00430,Ifeanyi Nwachukwu,Ojodu,Yaba,RDR-022,2026-07-03,,,8163.93,441.05,Failed,card,3.1
FD-00191,Mariam Suleiman,Lekki,Ikeja,RDR-029,2026-07-28,18:36,19:16,14857.0,680.75,pending,transfer,4.9
FD-00387,Babatunde Oluwole,Yaba,Ikeja,RDR-022,2026-07-12,18:17,18:56,,595.92,delivered,cash,
FD-00179,Ngozi Eze,Victoria Island,Yaba,RDR-002,2026-07-20,20:12,,13527.65,274.35,delivered,cash,2.9
FD-00316,Patience Eze,Yaba,Ikeja,RDR-013,2026-07-27,12:42,14:06,4639.68,898.84,delivered,cash,2.8
FD-00238,Chukwuemeka Nwosu,Yaba,Victoria Island,RDR-022,2026-07-21,10:01,10:27,4726.03,1043.23,DELIVERED,card,4.6
FD-00360,Zainab Abdullahi,Lekki,Ikeja,RDR-029,2026-07-16,11:13,12:26,,969.21,DELIVERED,transfer,2.8
FD-00190,Daniel Okafor,Victoria Island,Ikeja,RDR-022,2026-07-10,13:03,14:27,12337.92,444.85,PENDING,card,3.1
FD-00042,Mariam Suleiman,Ojodu,Lekki,RDR-030,2026-07-09,10:08,,10761.76,1057.19,DELIVERED,card,2.8
FD-00365,Biodun Okafor,Ikeja,Victoria Island,RDR-029,2026-07-19,,,"₦1,621.92",306.44,Delivered ,transfer,2.8
FD-00309,Ngozi Eze,Yaba,Lekki,RDR-011,2026-07-28,10:59,11:42,"₦8,748.81",452.94,delivered,,3.3
FD-00201,Damilola Adeyinka,Ojodu,Ikeja,RDR-006,2026-07-15,18:39,19:37,1610.42,1133.98,Delivered,card,3.6
FD-00323,Samuel Ogunyemi,Ikeja,Ojodu,RDR-003,2026-07-13,16:48,18:08,"₦7,228.39",1193.72,Pending,transfer,4.5
FD-00369,Mariam Suleiman,Ikeja,Lekki,RDR-008,2026-07-25,,,"₦8,531.78",666.52,Delivered ,cash,
FD-00014,Grace Abiodun,Ojodu,Surulere,RDR-014,2026-07-18,10:23,,7376.9,899.75,Delivered ,transfer,3.7
FD-00208,Biodun Okafor,Yaba,Victoria Island,RDR-010,2026-07-06,14:14,15:35,11248.99,732.86,Pending,card,3.5
FD-00355,Taiwo Hassan,Yaba,Lekki,RDR-013,2026-07-21,09:37,11:01,9128.79,1135.11,failed,cash,
FD-00426,Patience Eze,Lekki,Victoria Island,RDR-030,2026-07-08,13:32,14:53,9000.7,980.88,DELIVERED,cash,3.3
FD-00244,Ngozi Eze,Victoria Island,Surulere,RDR-003,2026-07-20,19:34,20:06,8116.11,433.7,delivered,,3.0
FD-00119,Amaka Osei,Lekki,Ojodu,RDR-008,2026-07-06,18:30,19:50,13863.14,840.94,DELIVERED,cash,3.6
FD-00189,Mariam Suleiman,Yaba,Victoria Island,RDR-018,2026-07-25,10:14,,11958.39,564.6,Delivered ,cash,3.1
FD-00395,Zainab Abdullahi,Ojodu,Victoria Island,RDR-026,2026-07-22,19:30,,3154.33,1029.18,delivered,,
FD-00271,Amaka Osei,Surulere,Yaba,RDR-009,2026-07-03,,,14082.25,1067.65,delivered,transfer,
FD-00225,Chidinma Obiora,Lekki,Surulere,RDR-003,2026-07-12,08:12,08:52,9691.21,315.04,DELIVERED,cash,
FD-00278,Funmilayo Adeyemi,Victoria Island,Yaba,RDR-006,2026-07-10,15:31,16:14,11542.58,524.8,delivered,transfer,2.9
FD-00162,Mariam Suleiman,Surulere,Ojodu,RDR-005,2026-07-11,09:04,,11683.75,835.53,DELIVERED,transfer,2.7
FD-00346,Ngozi Eze,Ikeja,Victoria Island,RDR-011,2026-07-28,,,5114.06,429.52,FAILED,cash,3.7
FD-00092,Grace Abiodun,Ojodu,Lekki,RDR-015,2026-07-17,12:22,,4886.68,495.77,Delivered,cash,3.5
FD-00245,Taiwo Hassan,Ojodu,Ikeja,RDR-020,2026-07-03,19:15,,6648.59,1040.82,pending,cash,4.5
FD-00151,Kelechi Uchenna,Ikeja,Victoria Island,RDR-030,2026-07-13,11:15,11:45,5402.72,318.81,FAILED,cash,3.9
FD-00373,Chidi Okeke,Victoria Island,Ojodu,RDR-005,2026-07-17,19:56,,13827.74,391.53,delivered,card,
FD-00371,Biodun Okafor,Ojodu,Lekki,RDR-023,2026-07-17,,,2632.96,1157.1,Failed,transfer,4.6
FD-00386,Zainab Abdullahi,Surulere,Yaba,RDR-010,2026-07-25,13:56,14:32,,689.01,DELIVERED,card,2.6
FD-00340,Babatunde Oluwole,Victoria Island,Lekki,RDR-013,2026-07-28,14:25,15:11,5758.5,349.79,Delivered ,transfer,
FD-00342,Chidinma Obiora,Ikeja,Victoria Island,RDR-013,2026-07-24,16:49,,3617.0,385.0,DELIVERED,cash,2.9
FD-00063,Amaka Osei,Ikeja,Victoria Island,RDR-006,2026-07-01,,,"₦2,551.33",218.99,Pending,card,2.9
FD-00002,Ifeanyi Nwachukwu,Victoria Island,Surulere,RDR-027,2026-07-13,11:09,12:28,12869.53,1146.86,delivered,card,
FD-00329,Blessing Nwofor,Yaba,Lekki,RDR-019,2026-07-18,16:44,17:06,14874.26,622.53,delivered,,4.0
FD-00272,Chukwuemeka Nwosu,Victoria Island,Ojodu,RDR-009,2026-07-18,19:23,20:40,4465.26,667.13,Failed,transfer,3.2
FD-00129,Taiwo Hassan,Ojodu,Victoria Island,RDR-010,2026-07-08,20:33,21:54,5326.32,448.73,delivered,transfer,2.9
FD-00229,Obinna Okonkwo,Ojodu,Yaba,RDR-001,2026-07-06,10:35,11:46,14163.3,904.18,Delivered,card,3.9
FD-00122,Segun Balogun,Ojodu,Lekki,RDR-019,2026-07-07,11:16,,4666.78,640.88,failed ,transfer,3.7
FD-00443,Mariam Suleiman,Ojodu,Yaba,RDR-008,2026-07-03,19:26,,4943.0,972.3,DELIVERED,,3.5
FD-00284,Chukwuemeka Nwosu,Lekki,Surulere,RDR-029,2026-07-22,16:47,,14359.19,791.0,delivered,cash,4.4
FD-00050,Segun Balogun,Surulere,Ojodu,RDR-011,2026-07-11,19:04,,9727.36,1188.48,Delivered,cash,3.0
FD-00455,Adaeze Obi,Victoria Island,Ikeja,RDR-026,2026-07-13,20:52,22:10,12367.79,711.77,pending,card,4.9
FD-00319,Taiwo Hassan,Lekki,Yaba,RDR-012,2026-07-07,,,10451.06,1050.8,DELIVERED,transfer,2.6
FD-00079,Taiwo Hassan,Lekki,Yaba,RDR-012,2026-07-20,20:43,21:23,1196.38,1167.8,DELIVERED,card,4.6
FD-00102,Patience Eze,Yaba,Ojodu,RDR-023,2026-07-04,17:20,17:41,2976.91,373.4,delivered,transfer,3.2
FD-00068,Adaeze Obi,Yaba,Surulere,RDR-025,2026-07-22,08:18,,5929.77,252.25,DELIVERED,cash,3.7
FD-00220,Daniel Okafor,Ojodu,Lekki,RDR-021,2026-07-23,,,12630.38,872.64,delivered,card,3.7
FD-00182,Emeka Chukwu,Lekki,Surulere,RDR-020,2026-07-19,17:30,18:19,11774.98,904.77,DELIVERED,cash,4.0
FD-00144,Blessing Nwofor,Yaba,Victoria Island,RDR-009,2026-07-22,20:36,,"₦4,787.38",835.15,Delivered ,cash,3.0
FD-00089,Blessing Nwofor,Ikeja,Surulere,RDR-001,2026-07-14,19:23,20:07,11849.05,1040.87,Delivered,cash,2.6
FD-00202,Samuel Ogunyemi,Victoria Island,Ikeja,RDR-001,2026-07-12,08:47,,2830.5,1036.35,Pending,card,3.8
FD-00108,Tope Afolabi,Yaba,Surulere,RDR-005,2026-07-04,,,11425.94,1140.72,Delivered ,card,2.8
FD-00327,Babatunde Oluwole,Victoria Island,Yaba,RDR-016,2026-07-16,,,8581.11,1110.9,DELIVERED,cash,4.6
FD-00299,Segun Balogun,Ikeja,Victoria Island,RDR-019,2026-07-20,,,,1021.1,DELIVERED,card,4.4
FD-00234,Amaka Osei,Lekki,Ojodu,RDR-026,2026-07-12,16:13,17:16,3561.02,1039.61,failed ,card,
FD-00303,Obinna Okonkwo,Lekki,Ikeja,RDR-017,2026-07-24,17:04,,14340.47,882.72,Delivered ,cash,4.2
FD-00105,Kelechi Uchenna,Ikeja,Ojodu,RDR-026,2026-07-17,11:44,,3390.71,207.85,PENDING,card,3.0
FD-00003,Babatunde Oluwole,Ikeja,Yaba,RDR-007,2026-07-12,16:05,17:24,3612.73,251.32,Delivered,card,5.0
FD-00432,Patience Eze,Yaba,Ikeja,RDR-028,2026-07-03,10:42,11:41,10553.13,987.76,FAILED,cash,2.8
FD-00447,Aisha Mustapha,Ojodu,Surulere,RDR-026,2026-07-08,,,4671.95,963.71,DELIVERED,card,3.0
FD-00150,Babatunde Oluwole,Ojodu,Surulere,RDR-001,2026-07-26,,,9437.05,1142.13,DELIVERED,transfer,4.8
FD-00246,Amaka Osei,Ojodu,Lekki,RDR-030,2026-07-18,,,"₦9,529.68",251.9,DELIVERED,transfer,4.4
FD-00088,Damilola Adeyinka,Lekki,Victoria Island,RDR-010,2026-07-10,10:37,,12108.78,777.34,Delivered,cash,4.0
FD-00350,Funmilayo Adeyemi,Surulere,Lekki,RDR-024,2026-07-26,,,10946.6,290.36,Delivered,,3.1
FD-00180,Patience Eze,Ojodu,Victoria Island,RDR-006,2026-07-02,10:20,,3302.91,719.66,Pending,cash,5.0
FD-00417,Amaka Osei,Ikeja,Victoria Island,RDR-023,2026-07-09,08:08,08:42,9908.15,661.35,pending,cash,
FD-00043,Aisha Mustapha,Surulere,Yaba,RDR-003,2026-07-27,08:57,,10047.46,501.52,failed,cash,3.9
FD-00140,Zainab Abdullahi,Lekki,Ikeja,RDR-014,2026-07-06,,,13013.15,758.86,delivered,,4.5
FD-00375,Daniel Okafor,Victoria Island,Lekki,RDR-029,2026-07-01,,,5914.87,769.52,failed,cash,4.0
FD-00419,Chidi Okeke,Ojodu,Lekki,RDR-030,2026-07-08,09:15,10:45,"₦13,029.07",246.03,DELIVERED,card,4.9
FD-00398,Biodun Okafor,Yaba,Ojodu,RDR-023,2026-07-15,11:12,12:33,"₦9,166.00",695.78,Delivered,card,4.1
FD-00306,Zainab Abdullahi,Ikeja,Surulere,RDR-007,2026-07-01,11:16,,3224.16,1037.03,Delivered,transfer,4.4
FD-00448,Aisha Mustapha,Ojodu,Ikeja,RDR-009,2026-07-07,08:58,09:43,10784.95,865.75,Delivered,card,3.5
FD-00335,Aisha Mustapha,Lekki,Ikeja,RDR-002,2026-07-18,11:58,,10357.75,281.02,delivered,transfer,4.2
FD-00444,Blessing Nwofor,Ikeja,Lekki,RDR-024,2026-07-02,17:00,,11093.27,1137.56,DELIVERED,card,2.5
FD-00388,Ifeanyi Nwachukwu,Lekki,Surulere,RDR-015,2026-07-03,14:32,15:22,12572.04,421.87,delivered,transfer,3.4
FD-00015,Emeka Chukwu,Ikeja,Ojodu,RDR-008,2026-07-15,09:21,,"₦10,103.59",880.63,delivered,card,2.8
FD-00038,Amaka Osei,Victoria Island,Surulere,RDR-013,2026-07-11,15:41,16:33,9554.93,330.72,Failed,transfer,3.6
FD-00422,Segun Balogun,Ikeja,Ojodu,RDR-001,2026-07-22,10:29,11:18,5041.89,385.77,Pending,card,2.8
FD-00349,Funmilayo Adeyemi,Victoria Island,Surulere,RDR-027,2026-07-06,11:56,13:26,9951.14,968.26,Delivered,,
FD-00313,Damilola Adeyinka,Victoria Island,Surulere,RDR-007,2026-07-21,09:45,10:05,6421.85,876.65,delivered,card,3.7
FD-00011,Patience Eze,Ojodu,Lekki,RDR-022,2026-07-14,19:14,20:26,5706.62,312.33,delivered,transfer,5.0
FD-00118,Amaka Osei,Yaba,Ikeja,RDR-011,2026-07-26,15:05,,"₦1,498.94",1003.92,PENDING,card,3.9
FD-00039,Taiwo Hassan,Victoria Island,Ojodu,RDR-012,2026-07-18,,,8154.08,506.76,DELIVERED,card,
FD-00262,Taiwo Hassan,Lekki,Ojodu,RDR-022,2026-07-21,16:27,16:57,8839.46,220.58,pending,transfer,2.9
FD-00253,Funmilayo Adeyemi,Ojodu,Lekki,RDR-018,2026-07-17,12:56,,5758.81,830.17,Delivered,transfer,3.5
FD-00111,Tope Afolabi,Lekki,Surulere,RDR-025,2026-07-03,,,2209.16,1001.52,PENDING,transfer,4.1
FD-00064,Damilola Adeyinka,Yaba,Ikeja,RDR-014,2026-07-06,16:29,17:30,5833.52,859.37,delivered,transfer,3.8
FD-00338,Emeka Chukwu,Surulere,Lekki,RDR-018,2026-07-25,09:53,11:02,4601.37,765.13,Pending,transfer,3.9
FD-00270,Tope Afolabi,Victoria Island,Surulere,RDR-026,2026-07-12,14:06,14:35,1307.14,344.13,Failed,card,3.4
FD-00356,Mariam Suleiman,Ikeja,Yaba,RDR-021,2026-07-19,19:59,21:25,11920.69,409.02,failed ,card,3.2
FD-00215,Daniel Okafor,Yaba,Surulere,RDR-018,2026-07-12,09:12,09:57,,494.51,Delivered ,transfer,3.7
FD-00384,Ola Adewale,Victoria Island,Ikeja,RDR-029,2026-07-24,20:51,,14273.04,1000.75,Delivered,transfer,4.3
FD-00098,Mariam Suleiman,Lekki,Ikeja,RDR-001,2026-07-03,08:27,09:35,9260.79,323.5,Delivered ,card,4.6
FD-00327,Babatunde Oluwole,Victoria Island,Yaba,RDR-016,2026-07-16,,,8581.11,1110.9,DELIVERED,cash,4.6
FD-00418,Patience Eze,Lekki,Surulere,RDR-005,2026-07-21,,,9631.78,1039.21,delivered,cash,4.4
FD-00294,Zainab Abdullahi,Yaba,Ojodu,RDR-015,2026-07-08,,,13024.68,899.69,DELIVERED,transfer,4.7
FD-00308,Babatunde Oluwole,Yaba,Victoria Island,RDR-026,2026-07-13,17:09,17:31,11797.19,722.89,DELIVERED,cash,
FD-00114,Fatima Bello,Ojodu,Yaba,RDR-011,2026-07-27,11:25,11:59,1831.77,238.16,Delivered,card,3.2
FD-00074,Tope Afolabi,Yaba,Ikeja,RDR-003,2026-07-13,,,7004.71,409.29,DELIVERED,cash,4.6
FD-00033,Amaka Osei,Ikeja,Surulere,RDR-007,2026-07-07,09:00,10:15,,334.84,FAILED,transfer,3.3
FD-00130,Patience Eze,Ikeja,Lekki,RDR-015,2026-07-14,16:58,17:51,1307.11,292.15,delivered,cash,
FD-00046,Yetunde Akinwande,Yaba,Surulere,RDR-028,2026-07-12,15:48,,5750.38,891.38,DELIVERED,card,3.0
FD-00007,Grace Abiodun,Lekki,Ikeja,RDR-028,2026-07-27,18:04,,"₦9,116.83",416.32,Delivered ,card,3.0
FD-00377,Biodun Okafor,Ikeja,Victoria Island,RDR-012,2026-07-12,13:15,,4299.06,739.3,Delivered ,,4.9
FD-00408,Segun Balogun,Lekki,Ojodu,RDR-015,2026-07-12,19:24,19:51,4603.81,461.54,Delivered,transfer,
FD-00414,Blessing Nwofor,Yaba,Ikeja,RDR-025,2026-07-19,15:38,16:47,1726.95,881.12,PENDING,transfer,3.8
FD-00275,Mariam Suleiman,Ikeja,Yaba,RDR-001,2026-07-27,09:32,10:34,915.3,496.24,Delivered ,cash,4.7
FD-00267,Chukwuemeka Nwosu,Ojodu,Lekki,RDR-026,2026-07-10,08:10,09:33,9790.2,239.89,PENDING,transfer,2.5
FD-00178,Ifeanyi Nwachukwu,Ojodu,Surulere,RDR-012,2026-07-20,,,10880.82,1155.38,Pending,transfer,3.0
FD-00243,Fatima Bello,Ojodu,Yaba,RDR-004,2026-07-04,09:21,,2027.74,603.38,delivered,cash,2.9
FD-00179,Ngozi Eze,Victoria Island,Yaba,RDR-002,2026-07-20,20:12,,13527.65,274.35,delivered,cash,2.9
FD-00087,Chukwuemeka Nwosu,Ikeja,Lekki,RDR-012,2026-07-17,11:56,13:05,3297.29,536.79,failed ,cash,2.6
FD-00169,Chukwuemeka Nwosu,Yaba,Ojodu,RDR-026,2026-07-27,13:28,14:34,3845.71,610.65,Delivered ,cash,4.1
FD-00171,Ola Adewale,Yaba,Surulere,RDR-023,2026-07-01,,,"₦1,302.08",835.96,Delivered ,card,4.7
FD-00123,Grace Abiodun,Lekki,Surulere,RDR-029,2026-07-13,12:55,14:00,"₦3,559.49",1028.06,PENDING,card,4.2
FD-00020,Amaka Osei,Lekki,Ojodu,RDR-010,2026-07-10,,,"₦6,870.45",553.74,DELIVERED,transfer,4.6
FD-00424,Ngozi Eze,Victoria Island,Lekki,RDR-026,2026-07-24,10:01,11:15,"₦6,923.36",1077.18,delivered,transfer,3.4
FD-00321,Emeka Chukwu,Surulere,Victoria Island,RDR-016,2026-07-01,08:35,09:47,14678.41,1138.94,DELIVERED,card,3.8
FD-00289,Ola Adewale,Surulere,Lekki,RDR-009,2026-07-01,19:42,20:32,"₦5,205.91",330.92,delivered,card,3.1
FD-00067,Zainab Abdullahi,Victoria Island,Ojodu,RDR-025,2026-07-24,16:22,17:43,12059.26,308.71,delivered,cash,3.8
FD-00092,Grace Abiodun,Ojodu,Lekki,RDR-015,2026-07-17,12:22,,4886.68,495.77,Delivered,cash,3.5
FD-00310,Patience Eze,Yaba,Surulere,RDR-022,2026-07-18,10:20,10:46,4338.09,1130.65,PENDING,cash,2.7
FD-00343,Blessing Nwofor,Lekki,Ikeja,RDR-022,2026-07-03,,,8791.06,711.42,delivered,transfer,2.8
FD-00373,Chidi Okeke,Victoria Island,Ojodu,RDR-005,2026-07-17,19:56,,13827.74,391.53,delivered,card,
FD-00176,Chukwuemeka Nwosu,Surulere,Yaba,RDR-021,2026-07-13,20:37,,9664.21,732.78,Delivered ,cash,4.0
FD-00239,Blessing Nwofor,Ojodu,Surulere,RDR-005,2026-07-15,,,8255.77,284.63,Delivered ,transfer,2.7
FD-00023,Ifeanyi Nwachukwu,Surulere,Victoria Island,RDR-001,2026-07-21,,,6420.72,646.25,Delivered,cash,4.0
FD-00431,Kelechi Uchenna,Victoria Island,Ikeja,RDR-026,2026-07-08,11:24,11:55,,344.55,delivered,transfer,3.7
FD-00199,Daniel Okafor,Ojodu,Lekki,RDR-005,2026-07-28,,,4546.9,845.03,Delivered ,card,4.4
FD-00135,Amaka Osei,Yaba,Ojodu,RDR-003,2026-07-08,16:06,17:08,"₦5,718.27",858.72,Failed,card,
FD-00401,Ifeanyi Nwachukwu,Ojodu,Victoria Island,RDR-020,2026-07-02,,,11751.09,782.69,Delivered,,
FD-00093,Zainab Abdullahi,Yaba,Surulere,RDR-008,2026-07-02,,,7810.0,1038.17,delivered,,3.1
FD-00359,Adaeze Obi,Lekki,Yaba,RDR-008,2026-07-26,,,13993.35,324.94,Delivered,transfer,4.8
FD-00413,Chukwuemeka Nwosu,Surulere,Victoria Island,RDR-011,2026-07-05,20:04,21:19,6804.48,301.86,Delivered,cash,3.9
FD-00080,Blessing Nwofor,Ikeja,Yaba,RDR-006,2026-07-06,18:24,,10336.84,769.3,Delivered ,,2.7
FD-00006,Samuel Ogunyemi,Ojodu,Victoria Island,RDR-020,2026-07-14,,,2485.75,1191.12,Delivered,card,4.5
FD-00210,Fatima Bello,Victoria Island,Ikeja,RDR-016,2026-07-28,13:26,,14434.87,877.03,Delivered ,cash,2.6
FD-00193,Ifeanyi Nwachukwu,Surulere,Ojodu,RDR-026,2026-07-15,19:11,,8420.07,925.99,Delivered,card,4.7
FD-00072,Ifeanyi Nwachukwu,Yaba,Surulere,RDR-001,2026-07-20,,,9012.61,568.69,delivered,cash,2.8
FD-00274,Chidi Okeke,Victoria Island,Lekki,RDR-013,2026-07-27,,,4591.02,1128.28,DELIVERED,,5.0
FD-00082,Daniel Okafor,Victoria Island,Surulere,RDR-029,2026-07-24,,,2828.08,547.28,failed ,card,
FD-00026,Patience Eze,Ojodu,Ikeja,RDR-002,2026-07-14,,,"₦3,492.65",492.85,DELIVERED,,3.0
FD-00420,Samuel Ogunyemi,Lekki,Ikeja,RDR-020,2026-07-20,14:24,,9611.53,729.74,Delivered ,,2.6
FD-00085,Funmilayo Adeyemi,Victoria Island,Ikeja,RDR-010,2026-07-04,17:55,19:10,"₦5,077.33",1073.08,Delivered,card,3.3
FD-00159,Obinna Okonkwo,Lekki,Ikeja,RDR-023,2026-07-04,19:50,,,1125.12,failed ,card,3.9
FD-00302,Grace Abiodun,Ojodu,Ikeja,RDR-008,2026-07-23,16:12,17:25,7263.68,612.12,Failed,transfer,4.6
FD-00347,Zainab Abdullahi,Surulere,Ikeja,RDR-008,2026-07-26,15:32,,5123.82,801.99,Failed,card,3.4
FD-00213,Daniel Okafor,Surulere,Yaba,RDR-010,2026-07-05,,,14185.9,481.74,delivered,transfer,
FD-00115,Biodun Okafor,Surulere,Ojodu,RDR-020,2026-07-27,11:25,,2662.16,862.1,Pending,cash,
FD-00259,Patience Eze,Victoria Island,Ikeja,RDR-026,2026-07-28,20:42,22:03,2988.58,762.77,Pending,card,
FD-00101,Chukwuemeka Nwosu,Surulere,Lekki,RDR-026,2026-07-06,20:57,22:15,14780.37,526.05,Delivered,card,2.6
FD-00165,Ola Adewale,Ojodu,Yaba,RDR-017,2026-07-11,10:44,12:05,2303.26,794.17,Delivered,card,3.2
FD-00152,Emeka Chukwu,Surulere,Ojodu,RDR-026,2026-07-06,18:36,20:01,14119.04,679.04,failed,cash,2.8
FD-00166,Segun Balogun,Surulere,Ojodu,RDR-027,2026-07-21,20:43,21:11,9008.75,287.57,Delivered,card,3.2
FD-00018,Mariam Suleiman,Victoria Island,Surulere,RDR-025,2026-07-02,20:40,,"₦3,349.97",696.56,PENDING,cash,4.2
FD-00383,Chukwuemeka Nwosu,Victoria Island,Yaba,RDR-017,2026-07-02,18:03,19:25,"₦6,643.31",594.83,DELIVERED,card,3.9
FD-00034,Emeka Chukwu,Surulere,Yaba,RDR-021,2026-07-04,,,14270.11,1048.87,FAILED,cash,4.6
FD-00433,Ifeanyi Nwachukwu,Surulere,Ojodu,RDR-023,2026-07-21,15:04,15:49,8817.75,1164.77,delivered,cash,4.7
FD-00040,Babatunde Oluwole,Lekki,Ojodu,RDR-010,2026-07-27,16:21,16:53,4997.31,543.16,Delivered,,3.7
FD-00345,Taiwo Hassan,Ojodu,Lekki,RDR-007,2026-07-17,09:24,10:50,10302.79,825.98,delivered,transfer,2.6
FD-00021,Chukwuemeka Nwosu,Surulere,Lekki,RDR-020,2026-07-08,19:43,20:05,14131.33,619.1,Failed,card,3.0
FD-00121,Yetunde Akinwande,Ikeja,Lekki,RDR-019,2026-07-22,11:35,,3569.64,676.04,DELIVERED,card,3.6
FD-00341,Kelechi Uchenna,Ojodu,Lekki,RDR-016,2026-07-19,15:27,16:29,8316.14,1063.82,Delivered ,transfer,4.4
FD-00449,Funmilayo Adeyemi,Surulere,Ikeja,RDR-015,2026-07-27,,,3147.62,801.41,Delivered ,transfer,3.2
FD-00445,Biodun Okafor,Victoria Island,Lekki,RDR-010,2026-07-03,,,7836.38,956.47,DELIVERED,transfer,3.2
FD-00131,Chidi Okeke,Lekki,Ojodu,RDR-011,2026-07-02,12:20,13:38,10066.62,348.99,DELIVERED,cash,3.7
